case_id,provider,language,split,scenario,difficulty,audio,reference,duration_seconds,transcript,latency_seconds,real_time_factor,status,error,wer,cer,exact_match,word_errors,substitutions,insertions,deletions,reference_words,reference_chars
en-clean-01,sarvam:saaras:v4,en-IN,test,clean,easy,C:\Work\CHECKIN.AI\asr_benchmark\runs\audio\en-clean-01.webm,Rahul Sharma is here,,Rahul Sharma is here.,0.469258,,ok,,0.0,0.0,True,0,0,0,0,4,17
en-clean-02,sarvam:saaras:v4,en-IN,test,clean,easy,C:\Work\CHECKIN.AI\asr_benchmark\runs\audio\en-clean-02.webm,Please register Anita Singh,,Please register Anita Singh.,0.362643,,ok,,0.0,0.0,True,0,0,0,0,4,24
en-name-01,sarvam:saaras:v4,en-IN,test,names,medium,C:\Work\CHECKIN.AI\asr_benchmark\runs\audio\en-name-01.webm,Rahul Sharma is here to meet Dr. Naveen Aggarwal,,Rahul Sharma is here to meet Dr. Naveen Agarwal.,0.44192,,ok,,0.111111,0.025641,False,1,1,0,0,9,39
en-name-02,sarvam:saaras:v4,en-IN,test,names,medium,C:\Work\CHECKIN.AI\asr_benchmark\runs\audio\en-name-02.webm,Please register Dr. Harpreet Kaur from the CSE department,,Please register Dr. Harpreet Kaur from CSE department.,0.431253,,ok,,0.111111,0.0625,False,1,0,0,1,9,48
en-phone-01,sarvam:saaras:v4,en-IN,test,phone,hard,C:\Work\CHECKIN.AI\asr_benchmark\runs\audio\en-phone-01.webm,Rahul Sharma phone number is 98765 43210,,Rahul Sharma phone number is 9876543210.,0.509059,,ok,,0.285714,0.0,False,2,1,0,1,7,34
en-purpose-01,sarvam:saaras:v4,en-IN,test,purpose,medium,C:\Work\CHECKIN.AI\asr_benchmark\runs\audio\en-purpose-01.webm,Rahul Sharma is here for a project discussion,,Rahul Sharma is here for a project discussion.,0.425864,,ok,,0.0,0.0,True,0,0,0,0,8,38
en-noise-01,sarvam:saaras:v4,en-IN,test,noise,hard,C:\Work\CHECKIN.AI\asr_benchmark\runs\audio\en-noise-01.webm,Anita Singh is here to meet the department head,,Anita Singh is here to meet the department head.,0.524652,,ok,,0.0,0.0,True,0,0,0,0,9,39
en-accent-01,sarvam:saaras:v4,en-IN,test,accent,hard,C:\Work\CHECKIN.AI\asr_benchmark\runs\audio\en-accent-01.webm,Please check out Rahul Sharma from the visitor gate,,Please check out Rahul Sharma for the visitor guide.,0.42042,,ok,,0.222222,0.116279,False,2,2,0,0,9,43
hi-clean-01,sarvam:saaras:v4,hi-IN,test,clean,easy,C:\Work\CHECKIN.AI\asr_benchmark\runs\audio\hi-clean-01.webm,राहुल शर्मा यहां हैं,,राहुल शर्मा यहां हैं।,0.330115,,ok,,0.0,0.0,True,0,0,0,0,7,9
hi-name-01,sarvam:saaras:v4,hi-IN,test,names,medium,C:\Work\CHECKIN.AI\asr_benchmark\runs\audio\hi-name-01.webm,राहुल शर्मा डॉ नवीन अग्रवाल से मिलने आए हैं,,राहुल शर्मा डॉक्टर नवीन अग्रवाल से मिलने आए हैं।,0.384934,,ok,,0.125,0.136364,False,2,0,2,0,16,22
hi-phone-01,sarvam:saaras:v4,hi-IN,test,phone,hard,C:\Work\CHECKIN.AI\asr_benchmark\runs\audio\hi-phone-01.webm,राहुल शर्मा का फोन नंबर नौ आठ सात छह पांच चार तीन दो एक शून्य है,,राहुल शर्मा का फ़ोन नंबर 9876543210 है।,0.443773,,ok,,0.592593,0.59375,False,16,1,0,15,27,32
hi-purpose-01,sarvam:saaras:v4,hi-IN,test,purpose,medium,C:\Work\CHECKIN.AI\asr_benchmark\runs\audio\hi-purpose-01.webm,राहुल शर्मा परियोजना चर्चा के लिए आए हैं,,राहुल शर्मा परियोजना चर्चा के लिए आए हैं।,0.358562,,ok,,0.0,0.0,True,0,0,0,0,15,20
hi-noise-01,sarvam:saaras:v4,hi-IN,test,noise,hard,C:\Work\CHECKIN.AI\asr_benchmark\runs\audio\hi-noise-01.webm,कृपया अनिता सिंह का आगंतुक पंजीकरण करें,,कृपया अनीता सिंह का आंतुक पंजीकरण करें।,0.402055,,ok,,0.071429,0.05,False,1,1,0,0,14,20
hi-mixed-01,sarvam:saaras:v4,hi-IN,test,mixed,hard,C:\Work\CHECKIN.AI\asr_benchmark\runs\audio\hi-mixed-01.webm,राहुल शर्मा project discussion के लिए आए हैं,,राहुल शर्मा प्रोजेक्ट डिस्कशन के लिए आए हैं।,0.44379,,ok,,0.666667,0.586207,False,8,2,6,0,12,29
pa-clean-01,sarvam:saaras:v4,pa-IN,test,clean,easy,C:\Work\CHECKIN.AI\asr_benchmark\runs\audio\pa-clean-01.webm,ਰਾਹੁਲ ਸ਼ਰਮਾ ਇੱਥੇ ਹਨ,,ਰਾਹੁਲ ਸ਼ਰਮਾ ਇੱਥੇ ਹਨ।,0.395598,,ok,,0.0,0.0,True,0,0,0,0,8,10
pa-name-01,sarvam:saaras:v4,pa-IN,test,names,medium,C:\Work\CHECKIN.AI\asr_benchmark\runs\audio\pa-name-01.webm,ਰਾਹੁਲ ਸ਼ਰਮਾ ਡਾਕਟਰ ਨਵੀਨ ਅਗਰਵਾਲ ਨੂੰ ਮਿਲਣ ਆਏ ਹਨ,,ਰਾਹੁਲ ਸ਼ਰਮਾ ਡਾਕਟਰ ਨਵੀਨ ਅਗਰਵਾਲ ਨੂੰ ਮਿਲਣ ਆਏ ਹਨ।,0.374308,,ok,,0.0,0.0,True,0,0,0,0,16,26
pa-phone-01,sarvam:saaras:v4,pa-IN,test,phone,hard,C:\Work\CHECKIN.AI\asr_benchmark\runs\audio\pa-phone-01.webm,ਰਾਹੁਲ ਸ਼ਰਮਾ ਦਾ ਫੋਨ ਨੰਬਰ ਨੌਂ ਅੱਠ ਸੱਤ ਛੇ ਪੰਜ ਚਾਰ ਤਿੰਨ ਦੋ ਇੱਕ ਸਿਫ਼ਰ ਹੈ,,ਰਾਹੁਲ ਸ਼ਰਮਾ ਦਾ ਫ਼ੋਨ ਨੰਬਰ 9876543210 ਹੈ।,0.476675,,ok,,0.62069,0.580645,False,18,1,0,17,29,31
pa-purpose-01,sarvam:saaras:v4,pa-IN,test,purpose,medium,C:\Work\CHECKIN.AI\asr_benchmark\runs\audio\pa-purpose-01.webm,ਰਾਹੁਲ ਸ਼ਰਮਾ ਪ੍ਰੋਜੈਕਟ ਚਰਚਾ ਲਈ ਆਏ ਹਨ,,ਰਾਹੁਲ ਸ਼ਰਮਾ ਪ੍ਰੋਜੈਕਟ ਚਰਚਾ ਲਈ ਆਏ ਹਨ।,0.445455,,ok,,0.0,0.0,True,0,0,0,0,13,20
pa-noise-01,sarvam:saaras:v4,pa-IN,test,noise,hard,C:\Work\CHECKIN.AI\asr_benchmark\runs\audio\pa-noise-01.webm,ਕਿਰਪਾ ਕਰਕੇ ਅਨੀਤਾ ਸਿੰਘ ਦੀ ਵਿਜ਼ਟਰ ਰਜਿਸਟ੍ਰੇਸ਼ਨ ਕਰੋ,,ਕਿਰਪਾ ਕਰਕੇ ਅਨੀਤਾ ਸਿੰਘ ਦੀ ਵਿਜੇਤਾ ਰਜਿਸਟ੍ਰੇਸ਼ਨ ਕਰੋ।,0.441347,,ok,,0.058824,0.08,False,1,1,0,0,17,25
pa-mixed-01,sarvam:saaras:v4,pa-IN,test,mixed,hard,C:\Work\CHECKIN.AI\asr_benchmark\runs\audio\pa-mixed-01.webm,ਰਾਹੁਲ ਸ਼ਰਮਾ project discussion ਲਈ ਆਏ ਹਨ,,ਰਾਹੁਲ ਸ਼ਰਮਾ ਪ੍ਰੋਜੈਕਟ ਡਿਸਕਸ਼ਨ ਲਈ ਆਏ ਹਨ।,0.319998,,ok,,0.7,0.586207,False,7,2,5,0,10,29
