provider,scenario,cases,successful,mean_wer,mean_cer,exact_match_rate,mean_latency_seconds
whisper:base,accent,1,0,,,,
whisper:base,clean,4,0,,,,
whisper:base,mixed,2,0,,,,
whisper:base,names,4,0,,,,
whisper:base,noise,3,0,,,,
whisper:base,phone,3,0,,,,
whisper:base,purpose,3,0,,,,
whisper:large,accent,1,0,,,,
whisper:large,clean,4,0,,,,
whisper:large,mixed,2,0,,,,
whisper:large,names,4,0,,,,
whisper:large,noise,3,0,,,,
whisper:large,phone,3,0,,,,
whisper:large,purpose,3,0,,,,
whisper:medium,accent,1,0,,,,
whisper:medium,clean,4,0,,,,
whisper:medium,mixed,2,0,,,,
whisper:medium,names,4,0,,,,
whisper:medium,noise,3,0,,,,
whisper:medium,phone,3,0,,,,
whisper:medium,purpose,3,0,,,,
whisper:small,accent,1,0,,,,
whisper:small,clean,4,0,,,,
whisper:small,mixed,2,0,,,,
whisper:small,names,4,0,,,,
whisper:small,noise,3,0,,,,
whisper:small,phone,3,0,,,,
whisper:small,purpose,3,0,,,,
whisper:tiny,accent,1,0,,,,
whisper:tiny,clean,4,0,,,,
whisper:tiny,mixed,2,0,,,,
whisper:tiny,names,4,0,,,,
whisper:tiny,noise,3,0,,,,
whisper:tiny,phone,3,0,,,,
whisper:tiny,purpose,3,0,,,,
