provider,difficulty,cases,successful,mean_wer,mean_cer,exact_match_rate,mean_latency_seconds
whisper:base,easy,4,0,,,,
whisper:base,hard,9,0,,,,
whisper:base,medium,7,0,,,,
whisper:large,easy,4,0,,,,
whisper:large,hard,9,0,,,,
whisper:large,medium,7,0,,,,
whisper:medium,easy,4,0,,,,
whisper:medium,hard,9,0,,,,
whisper:medium,medium,7,0,,,,
whisper:small,easy,4,0,,,,
whisper:small,hard,9,0,,,,
whisper:small,medium,7,0,,,,
whisper:tiny,easy,4,0,,,,
whisper:tiny,hard,9,0,,,,
whisper:tiny,medium,7,0,,,,
